{"cameraMode":{"drawMode":0,"name":"Shaded","section":"Shading Mode"},"sceneLighting":true,"audioPlay":false,"sceneViewState":{"showFog":true,"showMaterialUpdate":false,"showSkybox":true,"showFlares":true,"showImageEffects":true,"showParticleSystems":true},"in2DMode":false,"pivot":{"x":4.025390625,"y":-2.8515625,"z":-2.8267822265625},"rotation":{"x":0.46492859721183779,"y":0.053062889724969867,"z":-0.027928870171308519,"w":0.8833171129226685},"size":47.26176834106445,"orthographic":true}